Y Combinator,none,none,Investment
Clutch.co,Not Available,Not Available,Marketing and Advertising Agency Review Platform
G2,None,None,SaaS
Y Combinator,no email found,no phone found,Venture Capital and Startup Accelerator
Clutch.co,None,None,Marketing Services Review Platform
G2,sales@g2.com,(877) 448-4488,SaaS
Sortlist,contact@sortlist.com,+33 1 86 65 76 77,SaaS
Product Hunt,_none_found,_none_found,SaaS
Clutch.co,None,None,IT Services
Anthropic,info@anthropic.com,Not Available,SaaS
KanBots,,,SaaS
Anomaly Co,support@anomaly.co,Not Available,SaaS
Crunch Hype,,,SaaS
Techncruncher,Not Provided,Not Provided,SaaS
Techncruncher,techncruncher@gmail.com,1234567890,blogging/SaaS
LimeWire,None,None,SaaS
